eid,X30610,split
UKB_0001,0.77,val
UKB_0002,0.44,train
UKB_0003,0.86,train
UKB_0004,0.7,train
UKB_0005,0.09,train
UKB_0006,0.98,train
UKB_0007,0.76,val
UKB_0008,0.79,test
UKB_0009,0.13,train
UKB_0010,0.45,train
UKB_0011,0.37,train
UKB_0012,0.93,test
UKB_0013,0.64,test
UKB_0014,0.82,train
UKB_0015,0.44,val
UKB_0016,0.23,test
UKB_0017,0.55,train
UKB_0018,0.06,test
UKB_0019,0.83,train
UKB_0020,0.63,val
UKB_0021,0.76,val
UKB_0022,0.35,test
UKB_0023,0.97,train
UKB_0024,0.89,val
UKB_0025,0.78,train
UKB_0026,0.19,val
UKB_0027,0.47,test
UKB_0028,0.04,val
UKB_0029,0.15,train
UKB_0030,0.68,train
UKB_0031,0.74,val
UKB_0032,0.97,test
UKB_0033,0.33,val
UKB_0034,0.37,train
UKB_0035,0.47,train
UKB_0036,0.19,train
UKB_0037,0.13,train
UKB_0038,0.48,val
UKB_0039,0.23,train
UKB_0040,0.67,train
UKB_0041,0.44,train
UKB_0042,0.83,train
UKB_0043,0.7,train
UKB_0044,0.31,train
UKB_0045,0.83,val
UKB_0046,0.8,train
UKB_0047,0.39,train
UKB_0048,0.29,train
UKB_0049,0.68,train
UKB_0050,0.14,train
UKB_0051,0.2,test
UKB_0052,0.01,val
UKB_0053,0.79,val
UKB_0054,0.66,test
UKB_0055,0.71,train
UKB_0056,0.78,val
UKB_0057,0.46,val
UKB_0058,0.57,train
UKB_0059,0.14,train
UKB_0060,0.11,train
UKB_0061,0.67,val
UKB_0062,0.47,val
UKB_0063,0.57,train
UKB_0064,0.76,train
UKB_0065,0.63,train
UKB_0066,0.55,train
UKB_0067,0.56,train
UKB_0068,0.3,test
UKB_0069,0.03,train
UKB_0070,0.44,train
UKB_0071,0.21,train
UKB_0072,0.41,val
UKB_0073,0.85,train
UKB_0074,0.23,train
UKB_0075,0.06,test
UKB_0076,0.28,train
UKB_0077,0.29,train
UKB_0078,0.66,test
UKB_0079,0.56,train
UKB_0080,0.78,train
UKB_0081,0.66,train
UKB_0082,0.41,test
UKB_0083,0.81,val
UKB_0084,0.17,train
UKB_0085,0.02,test
UKB_0086,0.09,train
UKB_0087,0.72,test
UKB_0088,0.46,train
UKB_0089,0.16,train
UKB_0090,0.5,train
UKB_0091,0.15,train
UKB_0092,0.7,train
UKB_0093,0.45,train
UKB_0094,0.38,train
UKB_0095,0.3,train
UKB_0096,0.63,train
UKB_0097,0.36,train
UKB_0098,0.09,val
UKB_0099,0.12,train
UKB_0100,0.96,train
UKB_0101,0.91,val
UKB_0102,0.7,train
UKB_0103,0.27,train
UKB_0104,0.97,train
UKB_0105,0.78,val
UKB_0106,0.72,train
UKB_0107,0.45,val
UKB_0108,0.27,train
UKB_0109,0.1,train
UKB_0110,0.9,train
UKB_0111,0.46,test
UKB_0112,0.2,train
UKB_0113,0.31,val
UKB_0114,0.58,train
UKB_0115,0.18,train
UKB_0116,0.86,test
UKB_0117,0.76,train
UKB_0118,0.72,val
UKB_0119,0.43,train
UKB_0120,0.63,train
UKB_0121,0.58,train
UKB_0122,0.65,train
UKB_0123,0.08,test
UKB_0124,0.42,val
UKB_0125,0.04,train
UKB_0126,0.49,train
UKB_0127,0.33,test
UKB_0128,0.14,train
UKB_0129,0.1,train
UKB_0130,0.59,val
UKB_0131,0.17,train
UKB_0132,0.93,train
UKB_0133,0.58,test
UKB_0134,0.35,train
UKB_0135,0.59,train
UKB_0136,0.02,train
UKB_0137,0.96,val
UKB_0138,0.48,train
UKB_0139,0.78,test
UKB_0140,0.08,train
UKB_0141,0.49,val
UKB_0142,0.49,val
UKB_0143,0.94,train
UKB_0144,0.57,val
UKB_0145,0.47,val
UKB_0146,0.27,train
UKB_0147,0.33,train
UKB_0148,0.52,train
UKB_0149,0.44,train
UKB_0150,0.02,test
UKB_0151,0.83,train
UKB_0152,0.9,val
UKB_0153,0.14,train
UKB_0154,0.55,test
UKB_0155,0.11,val
UKB_0156,0.67,train
UKB_0157,0.28,test
UKB_0158,0.66,train
UKB_0159,0.73,train
UKB_0160,0.77,train
UKB_0161,0.11,val
UKB_0162,0.92,train
UKB_0163,0.23,val
UKB_0164,0.04,val
UKB_0165,0.55,val
UKB_0166,0.37,train
UKB_0167,0.83,train
UKB_0168,0.81,train
UKB_0169,0.32,train
UKB_0170,0.95,train
UKB_0171,0.29,train
UKB_0172,0.52,test
UKB_0173,0.26,train
UKB_0174,0.94,train
UKB_0175,0.16,train
UKB_0176,0.04,train
UKB_0177,0.44,test
UKB_0178,0.99,train
UKB_0179,0.89,train
UKB_0180,0.75,val
UKB_0181,0.89,train
UKB_0182,0.89,test
UKB_0183,0.52,train
UKB_0184,0.32,train
UKB_0185,0.77,train
UKB_0186,0.66,test
UKB_0187,0.37,train
UKB_0188,0.09,test
UKB_0189,0.75,test
UKB_0190,0.26,val
UKB_0191,0.94,train
UKB_0192,0.24,val
UKB_0193,0.12,test
UKB_0194,0.83,train
UKB_0195,0.15,train
UKB_0196,0.18,train
UKB_0197,0.6,train
UKB_0198,0.87,test
UKB_0199,0.2,val
UKB_0200,0.31,train
UKB_0201,0.78,test
UKB_0202,0.97,train
UKB_0203,0.5,train
UKB_0204,0.14,train
UKB_0205,0.01,test
UKB_0206,0.23,train
UKB_0207,0.13,train
UKB_0208,0.68,test
UKB_0209,0.12,train
UKB_0210,0.51,train
UKB_0211,0.69,val
UKB_0212,0.58,train
UKB_0213,0.2,val
UKB_0214,0.8,train
UKB_0215,0.72,train
UKB_0216,0.74,train
UKB_0217,0.13,train
UKB_0218,0.12,test
UKB_0219,0.93,test
UKB_0220,0.4,train
UKB_0221,0.3,val
UKB_0222,0.49,train
UKB_0223,0.66,test
UKB_0224,0.96,val
UKB_0225,0.29,train
UKB_0226,0.92,train
UKB_0227,0.02,train
UKB_0228,0.56,train
UKB_0229,0.63,test
UKB_0230,0.11,train
UKB_0231,0.14,train
UKB_0232,0.42,val
UKB_0233,0.97,val
UKB_0234,0.6,test
UKB_0235,0.93,train
UKB_0236,0.8,train
UKB_0237,0.47,test
UKB_0238,0.78,train
UKB_0239,0.02,train
UKB_0240,0.11,val
UKB_0241,0.83,train
UKB_0242,0.8,train
UKB_0243,0.23,train
UKB_0244,0.53,val
UKB_0245,0.61,train
UKB_0246,0.87,train
UKB_0247,0.6,test
UKB_0248,0.41,train
UKB_0249,0.37,train
UKB_0250,0.43,val
UKB_0251,0.65,train
UKB_0252,0.87,train
UKB_0253,0.45,train
UKB_0254,0.25,train
UKB_0255,0.24,val
UKB_0256,0.75,train
UKB_0257,0.82,train
UKB_0258,0.11,train
UKB_0259,0.07,train
UKB_0260,0.59,test
UKB_0261,0.15,train
UKB_0262,0.82,train
UKB_0263,0.31,train
UKB_0264,0.14,train
UKB_0265,0.92,test
UKB_0266,0.17,train
UKB_0267,0.28,train
UKB_0268,0.15,test
UKB_0269,0.12,train
UKB_0270,0.02,test
UKB_0271,0.06,test
UKB_0272,0.17,test
UKB_0273,0.05,train
UKB_0274,0.59,train
UKB_0275,0.68,val
UKB_0276,0.39,train
UKB_0277,0.32,val
UKB_0278,0.5,val
UKB_0279,0.88,test
UKB_0280,0.85,val
UKB_0281,0.04,train
UKB_0282,0.18,val
UKB_0283,0.24,train
UKB_0284,0.25,train
UKB_0285,0.57,train
UKB_0286,0.42,train
UKB_0287,0.05,val
UKB_0288,0.37,train
UKB_0289,0.52,val
UKB_0290,0.1,train
UKB_0291,0.83,train
UKB_0292,0.05,test
UKB_0293,0.92,test
UKB_0294,0.1,train
UKB_0295,0.84,train
UKB_0296,0.9,train
UKB_0297,0.98,train
UKB_0298,0.8,train
UKB_0299,0.78,train
UKB_0300,0.64,train
UKB_0301,0.78,train
UKB_0302,0.13,train
UKB_0303,0.54,val
UKB_0304,0.51,train
UKB_0305,0.86,train
UKB_0306,0.46,val
UKB_0307,0.39,test
UKB_0308,0.64,train
UKB_0309,0.27,test
UKB_0310,0.14,train
UKB_0311,0.48,val
UKB_0312,0.42,test
UKB_0313,0.23,val
UKB_0314,0.37,train
UKB_0315,0.37,train
UKB_0316,0.33,train
UKB_0317,0.38,train
UKB_0318,0.69,train
UKB_0319,0.3,train
UKB_0320,0.95,val
UKB_0321,0.92,train
UKB_0322,0.48,test
UKB_0323,0.33,train
UKB_0324,0.54,train
UKB_0325,0.85,val
UKB_0326,0.65,train
UKB_0327,0.8,train
UKB_0328,0.53,train
UKB_0329,0.63,val
UKB_0330,0.29,train
UKB_0331,0.73,train
UKB_0332,0.2,test
UKB_0333,0.69,train
UKB_0334,0.86,train
UKB_0335,0.13,val
UKB_0336,0.61,test
UKB_0337,0.1,test
UKB_0338,0.73,train
UKB_0339,0.08,val
UKB_0340,0.94,test
UKB_0341,0.14,val
UKB_0342,0.96,train
UKB_0343,0.8,train
UKB_0344,0.59,train
UKB_0345,0.78,val
UKB_0346,0.8,val
UKB_0347,0.95,test
UKB_0348,0.25,train
UKB_0349,0.59,test
UKB_0350,0.1,val
UKB_0351,0.62,train
UKB_0352,0.17,train
UKB_0353,0.56,train
UKB_0354,0.57,val
UKB_0355,0.47,val
UKB_0356,0.52,val
UKB_0357,0.76,train
UKB_0358,0.8,train
UKB_0359,0.49,test
UKB_0360,0.6,train
UKB_0361,0.93,train
UKB_0362,0.12,train
UKB_0363,0.12,train
UKB_0364,0.09,val
UKB_0365,0.66,test
UKB_0366,0.42,train
UKB_0367,0.77,val
UKB_0368,0.67,train
UKB_0369,0.33,val
UKB_0370,0.9,val
UKB_0371,0.76,test
UKB_0372,0.27,test
UKB_0373,0.36,train
UKB_0374,0.31,train
UKB_0375,0.16,train
UKB_0376,0.15,test
UKB_0377,0.94,val
UKB_0378,0.44,train
UKB_0379,0.38,test
UKB_0380,0.73,train
UKB_0381,0.55,test
UKB_0382,0.94,train
UKB_0383,0.78,train
UKB_0384,0.48,val
UKB_0385,0.38,train
UKB_0386,0.99,train
UKB_0387,0.72,val
UKB_0388,0.95,val
UKB_0389,0.12,test
UKB_0390,0.85,train
UKB_0391,0.64,train
UKB_0392,0.12,test
UKB_0393,0.59,train
UKB_0394,0.69,train
UKB_0395,0.01,test
UKB_0396,0.45,train
UKB_0397,0.83,test
UKB_0398,0.3,train
UKB_0399,0.46,train
UKB_0400,0.44,train
UKB_0401,0.3,train
UKB_0402,0.92,test
UKB_0403,0.78,val
UKB_0404,0.11,val
UKB_0405,1.0,train
UKB_0406,0.88,train
UKB_0407,0.28,test
UKB_0408,0.84,test
UKB_0409,0.11,train
UKB_0410,1.0,train
UKB_0411,0.67,val
UKB_0412,0.65,val
UKB_0413,0.09,train
UKB_0414,0.9,test
UKB_0415,0.03,test
UKB_0416,0.24,train
UKB_0417,0.14,train
UKB_0418,0.78,train
UKB_0419,0.2,val
UKB_0420,0.91,test
UKB_0421,0.66,test
UKB_0422,0.04,train
UKB_0423,0.01,train
UKB_0424,0.05,train
UKB_0425,0.61,test
UKB_0426,0.8,val
UKB_0427,0.24,train
UKB_0428,0.85,train
UKB_0429,0.06,train
UKB_0430,0.8,test
UKB_0431,0.93,test
UKB_0432,0.77,train
UKB_0433,0.7,test
UKB_0434,0.84,train
UKB_0435,0.04,test
UKB_0436,0.2,train
UKB_0437,0.12,train
UKB_0438,0.5,val
UKB_0439,0.75,val
UKB_0440,0.63,train
UKB_0441,0.85,train
UKB_0442,0.16,train
UKB_0443,0.73,val
UKB_0444,0.19,train
UKB_0445,0.27,val
UKB_0446,0.71,train
UKB_0447,0.98,test
UKB_0448,0.61,val
UKB_0449,0.05,val
UKB_0450,0.62,train
UKB_0451,0.04,train
UKB_0452,0.88,train
UKB_0453,0.71,test
UKB_0454,0.17,train
UKB_0455,0.09,train
UKB_0456,0.18,train
UKB_0457,0.98,train
UKB_0458,0.46,val
UKB_0459,0.78,val
UKB_0460,0.64,train
UKB_0461,0.57,val
UKB_0462,0.15,train
UKB_0463,0.95,test
UKB_0464,0.3,train
UKB_0465,0.58,train
UKB_0466,0.7,val
UKB_0467,0.65,train
UKB_0468,0.94,train
UKB_0469,0.15,train
UKB_0470,0.51,train
UKB_0471,0.4,train
UKB_0472,0.47,test
UKB_0473,0.12,train
UKB_0474,0.13,val
UKB_0475,0.28,train
UKB_0476,0.3,train
UKB_0477,0.43,val
UKB_0478,0.61,val
UKB_0479,0.63,train
UKB_0480,0.41,train
UKB_0481,0.41,train
UKB_0482,0.22,train
UKB_0483,0.59,train
UKB_0484,0.32,train
UKB_0485,0.04,val
UKB_0486,0.42,train
UKB_0487,0.47,test
UKB_0488,0.23,train
UKB_0489,0.57,train
UKB_0490,0.57,val
UKB_0491,0.7,train
UKB_0492,0.65,train
UKB_0493,0.65,test
UKB_0494,0.32,test
UKB_0495,0.79,val
UKB_0496,0.55,train
UKB_0497,0.43,train
UKB_0498,0.63,train
UKB_0499,0.36,train
UKB_0500,0.51,train
UKB_0501,0.74,train
UKB_0502,0.89,test
UKB_0503,0.92,train
UKB_0504,0.5,train
UKB_0505,0.52,test
UKB_0506,0.8,train
UKB_0507,0.31,test
UKB_0508,0.84,train
UKB_0509,0.49,train
UKB_0510,0.12,val
UKB_0511,0.07,test
UKB_0512,0.84,train
UKB_0513,0.06,val
UKB_0514,0.28,test
UKB_0515,0.33,train
UKB_0516,0.17,train
UKB_0517,0.31,val
UKB_0518,0.74,train
UKB_0519,0.01,train
UKB_0520,0.83,val
UKB_0521,0.86,test
UKB_0522,0.37,test
UKB_0523,0.15,test
UKB_0524,0.6,train
UKB_0525,0.12,train
UKB_0526,0.36,train
UKB_0527,0.96,train
UKB_0528,1.0,train
UKB_0529,0.77,train
UKB_0530,0.31,test
UKB_0531,0.69,test
UKB_0532,0.71,val
UKB_0533,0.39,train
UKB_0534,0.64,test
UKB_0535,0.01,test
UKB_0536,0.21,train
UKB_0537,0.53,train
UKB_0538,0.16,train
UKB_0539,0.17,train
UKB_0540,0.84,test
UKB_0541,0.99,train
UKB_0542,0.56,train
UKB_0543,0.84,test
UKB_0544,0.99,test
UKB_0545,0.14,train
UKB_0546,0.45,train
UKB_0547,0.39,train
UKB_0548,0.08,test
UKB_0549,0.76,test
UKB_0550,0.43,train
UKB_0551,0.47,test
UKB_0552,0.15,val
UKB_0553,0.18,train
UKB_0554,0.91,test
UKB_0555,0.04,test
UKB_0556,0.23,train
UKB_0557,0.29,train
UKB_0558,0.49,test
UKB_0559,0.59,test
UKB_0560,0.49,train
UKB_0561,0.08,train
UKB_0562,0.24,test
UKB_0563,0.84,train
UKB_0564,0.64,train
UKB_0565,0.65,val
UKB_0566,0.67,train
UKB_0567,0.76,test
UKB_0568,0.06,test
UKB_0569,0.37,val
UKB_0570,0.54,val
UKB_0571,0.34,train
UKB_0572,0.84,train
UKB_0573,0.48,val
UKB_0574,0.77,test
UKB_0575,0.85,train
UKB_0576,0.5,test
UKB_0577,0.91,train
UKB_0578,0.59,train
UKB_0579,0.85,train
UKB_0580,0.34,test
UKB_0581,0.5,train
UKB_0582,0.53,train
UKB_0583,0.1,train
UKB_0584,0.4,train
UKB_0585,0.92,test
UKB_0586,0.63,test
UKB_0587,0.18,val
UKB_0588,0.34,val
UKB_0589,0.19,val
UKB_0590,0.02,train
UKB_0591,0.93,test
UKB_0592,0.45,val
UKB_0593,0.31,train
UKB_0594,0.6,train
UKB_0595,0.01,train
UKB_0596,0.28,val
UKB_0597,0.7,val
UKB_0598,0.63,val
UKB_0599,0.98,val
UKB_0600,0.62,train
UKB_0601,0.48,train
UKB_0602,0.76,train
UKB_0603,0.9,test
UKB_0604,0.72,train
UKB_0605,0.96,train
UKB_0606,0.78,val
UKB_0607,0.87,test
UKB_0608,0.11,train
UKB_0609,0.73,train
UKB_0610,0.44,val
UKB_0611,0.55,train
UKB_0612,0.65,train
UKB_0613,0.97,train
UKB_0614,0.98,train
UKB_0615,0.29,train
UKB_0616,0.73,train
UKB_0617,0.75,val
UKB_0618,0.35,train
UKB_0619,0.12,test
UKB_0620,0.04,train
UKB_0621,0.78,val
UKB_0622,0.49,train
UKB_0623,0.99,train
UKB_0624,0.46,train
UKB_0625,0.98,train
UKB_0626,0.41,train
UKB_0627,0.79,train
UKB_0628,0.08,train
UKB_0629,0.56,val
UKB_0630,0.8,train
UKB_0631,0.92,test
UKB_0632,0.82,val
UKB_0633,0.04,train
UKB_0634,0.37,train
UKB_0635,0.05,val
UKB_0636,0.11,train
UKB_0637,0.68,train
UKB_0638,0.71,train
UKB_0639,0.77,train
UKB_0640,0.87,test
UKB_0641,0.74,train
UKB_0642,0.8,val
UKB_0643,0.05,train
UKB_0644,0.23,test
UKB_0645,0.62,val
UKB_0646,0.86,train
UKB_0647,0.0,val
UKB_0648,0.51,test
UKB_0649,0.68,test
UKB_0650,0.03,test
UKB_0651,0.4,train
UKB_0652,0.9,train
UKB_0653,0.67,train
UKB_0654,0.24,train
UKB_0655,0.85,train
UKB_0656,0.35,train
UKB_0657,0.85,test
UKB_0658,0.3,test
UKB_0659,0.59,val
UKB_0660,0.4,val
UKB_0661,0.27,train
UKB_0662,0.89,val
UKB_0663,0.19,train
UKB_0664,0.08,test
UKB_0665,0.34,train
UKB_0666,0.72,train
UKB_0667,0.81,val
UKB_0668,1.0,train
UKB_0669,0.3,train
UKB_0670,0.41,train
UKB_0671,0.14,test
UKB_0672,0.57,train
UKB_0673,1.0,train
UKB_0674,0.7,test
UKB_0675,0.6,train
UKB_0676,0.39,train
UKB_0677,0.92,train
UKB_0678,0.5,train
UKB_0679,0.13,train
UKB_0680,0.37,val
UKB_0681,0.07,train
UKB_0682,0.2,test
UKB_0683,0.02,train
UKB_0684,0.45,train
UKB_0685,0.63,test
UKB_0686,0.34,val
UKB_0687,0.42,train
UKB_0688,0.96,train
UKB_0689,0.75,test
UKB_0690,0.54,test
UKB_0691,0.28,train
UKB_0692,0.9,train
UKB_0693,0.24,train
UKB_0694,0.33,train
UKB_0695,0.91,test
UKB_0696,0.53,val
UKB_0697,0.74,train
UKB_0698,0.59,train
UKB_0699,0.65,test
UKB_0700,0.3,test
UKB_0701,0.24,train
UKB_0702,0.32,train
UKB_0703,0.16,val
UKB_0704,0.87,test
UKB_0705,0.28,val
UKB_0706,0.56,train
UKB_0707,0.79,train
UKB_0708,0.78,train
UKB_0709,0.44,train
UKB_0710,0.48,train
UKB_0711,0.99,train
UKB_0712,0.67,val
UKB_0713,0.81,train
UKB_0714,0.9,val
UKB_0715,0.79,train
UKB_0716,0.19,val
UKB_0717,0.56,train
UKB_0718,0.1,train
UKB_0719,0.65,train
UKB_0720,0.96,val
UKB_0721,0.51,train
UKB_0722,0.43,val
UKB_0723,0.04,train
UKB_0724,0.96,train
UKB_0725,0.1,val
UKB_0726,0.04,test
UKB_0727,0.25,train
UKB_0728,0.07,val
UKB_0729,0.46,val
UKB_0730,0.52,val
UKB_0731,0.31,test
UKB_0732,0.05,test
UKB_0733,0.11,train
UKB_0734,0.38,train
UKB_0735,0.06,test
UKB_0736,0.7,train
UKB_0737,0.21,test
UKB_0738,0.3,train
UKB_0739,0.39,train
UKB_0740,0.42,val
UKB_0741,0.0,train
UKB_0742,0.11,test
UKB_0743,0.86,test
UKB_0744,0.0,test
UKB_0745,0.51,train
UKB_0746,0.49,test
UKB_0747,0.33,train
UKB_0748,0.43,val
UKB_0749,0.78,test
UKB_0750,0.84,val
UKB_0751,0.26,train
UKB_0752,0.32,train
UKB_0753,0.24,train
UKB_0754,0.48,test
UKB_0755,0.68,train
UKB_0756,0.23,val
UKB_0757,0.33,val
UKB_0758,0.93,train
UKB_0759,0.05,train
UKB_0760,0.46,val
UKB_0761,0.71,train
UKB_0762,0.15,train
UKB_0763,0.05,val
UKB_0764,0.14,train
UKB_0765,0.92,train
UKB_0766,0.01,train
UKB_0767,0.19,train
UKB_0768,0.03,train
UKB_0769,0.11,train
UKB_0770,0.62,train
UKB_0771,0.24,train
UKB_0772,0.57,train
UKB_0773,0.59,train
UKB_0774,0.85,train
UKB_0775,0.0,test
UKB_0776,0.85,train
UKB_0777,0.62,val
UKB_0778,0.16,train
UKB_0779,0.77,train
UKB_0780,0.86,train
UKB_0781,0.25,val
UKB_0782,0.92,val
UKB_0783,0.45,train
UKB_0784,0.6,val
UKB_0785,0.98,test
UKB_0786,0.36,train
UKB_0787,0.81,val
UKB_0788,0.32,train
UKB_0789,0.8,train
UKB_0790,0.6,test
UKB_0791,0.22,train
UKB_0792,0.41,test
UKB_0793,0.32,train
UKB_0794,0.08,val
UKB_0795,0.03,train
UKB_0796,0.35,train
UKB_0797,0.02,test
UKB_0798,0.17,train
UKB_0799,0.73,train
UKB_0800,0.71,train
UKB_0801,0.74,val
UKB_0802,0.32,train
UKB_0803,0.89,train
UKB_0804,0.59,train
UKB_0805,0.13,test
UKB_0806,0.14,train
UKB_0807,0.69,train
UKB_0808,0.17,train
UKB_0809,0.51,test
UKB_0810,0.99,train
UKB_0811,0.0,val
UKB_0812,0.02,train
UKB_0813,0.99,train
UKB_0814,0.58,train
UKB_0815,0.13,train
UKB_0816,0.9,train
UKB_0817,0.88,train
UKB_0818,0.54,train
UKB_0819,0.62,train
UKB_0820,0.27,test
UKB_0821,0.05,val
UKB_0822,0.59,test
UKB_0823,0.29,train
UKB_0824,0.66,train
UKB_0825,0.84,test
UKB_0826,0.02,val
UKB_0827,0.6,train
UKB_0828,0.23,train
UKB_0829,0.87,test
UKB_0830,0.25,test
UKB_0831,0.61,test
UKB_0832,0.55,train
UKB_0833,0.4,val
UKB_0834,0.68,val
UKB_0835,0.73,test
UKB_0836,0.57,train
UKB_0837,0.76,test
UKB_0838,0.98,test
UKB_0839,0.42,train
UKB_0840,0.51,train
UKB_0841,0.01,train
UKB_0842,0.8,train
UKB_0843,0.52,train
UKB_0844,0.41,test
UKB_0845,0.09,train
UKB_0846,0.89,train
UKB_0847,0.4,train
UKB_0848,0.68,train
UKB_0849,0.15,train
UKB_0850,0.96,train
UKB_0851,0.18,train
UKB_0852,0.2,test
UKB_0853,0.86,train
UKB_0854,0.91,val
UKB_0855,0.21,val
UKB_0856,0.47,val
UKB_0857,0.73,train
UKB_0858,0.88,train
UKB_0859,0.38,val
UKB_0860,0.52,test
UKB_0861,0.74,test
UKB_0862,0.73,train
UKB_0863,0.78,train
UKB_0864,0.57,train
UKB_0865,0.1,val
UKB_0866,0.9,train
UKB_0867,0.87,train
UKB_0868,0.8,train
UKB_0869,0.1,train
UKB_0870,0.2,train
UKB_0871,0.74,train
UKB_0872,0.02,train
UKB_0873,0.98,val
UKB_0874,0.38,train
UKB_0875,0.72,val
UKB_0876,0.89,val
UKB_0877,0.39,val
UKB_0878,0.32,train
UKB_0879,0.61,train
UKB_0880,0.58,train
UKB_0881,0.41,train
UKB_0882,0.6,train
UKB_0883,0.94,train
UKB_0884,0.47,train
UKB_0885,0.2,train
UKB_0886,0.38,train
UKB_0887,0.39,test
UKB_0888,0.13,train
UKB_0889,0.16,train
UKB_0890,0.68,train
UKB_0891,0.34,train
UKB_0892,0.95,train
UKB_0893,0.24,train
UKB_0894,0.1,train
UKB_0895,0.75,val
UKB_0896,0.88,train
UKB_0897,0.28,test
UKB_0898,0.2,train
UKB_0899,0.19,train
UKB_0900,0.52,train
UKB_0901,0.47,train
UKB_0902,0.26,test
UKB_0903,0.05,train
UKB_0904,0.48,test
UKB_0905,0.96,train
UKB_0906,0.65,test
UKB_0907,0.5,train
UKB_0908,0.11,test
UKB_0909,0.25,train
UKB_0910,0.29,train
UKB_0911,0.76,train
UKB_0912,0.88,train
UKB_0913,0.9,train
UKB_0914,0.98,val
UKB_0915,0.98,train
UKB_0916,0.95,train
UKB_0917,0.07,val
UKB_0918,0.14,val
UKB_0919,0.3,train
UKB_0920,0.55,test
UKB_0921,0.1,train
UKB_0922,0.85,train
UKB_0923,0.62,train
UKB_0924,0.54,test
UKB_0925,0.17,val
UKB_0926,0.25,val
UKB_0927,0.16,train
UKB_0928,0.85,test
UKB_0929,0.58,val
UKB_0930,0.74,train
UKB_0931,0.3,test
UKB_0932,0.37,val
UKB_0933,0.4,train
UKB_0934,0.76,train
UKB_0935,0.77,test
UKB_0936,0.21,test
UKB_0937,0.94,val
UKB_0938,0.12,test
UKB_0939,0.9,train
UKB_0940,0.1,val
UKB_0941,0.26,train
UKB_0942,0.85,train
UKB_0943,0.18,train
UKB_0944,0.41,train
UKB_0945,0.45,train
UKB_0946,0.25,train
UKB_0947,0.71,val
UKB_0948,0.85,train
UKB_0949,0.87,train
UKB_0950,0.34,test
UKB_0951,0.53,val
UKB_0952,0.25,train
UKB_0953,0.24,test
UKB_0954,0.16,train
UKB_0955,0.94,train
UKB_0956,0.89,val
UKB_0957,0.78,train
UKB_0958,0.52,train
UKB_0959,0.49,train
UKB_0960,0.53,train
UKB_0961,0.54,train
UKB_0962,0.43,train
UKB_0963,0.13,val
UKB_0964,0.13,train
UKB_0965,0.95,train
UKB_0966,0.48,test
UKB_0967,0.95,val
UKB_0968,0.16,val
UKB_0969,0.55,train
UKB_0970,0.21,test
UKB_0971,0.25,train
UKB_0972,0.03,train
UKB_0973,0.12,train
UKB_0974,0.92,train
UKB_0975,0.32,train
UKB_0976,0.61,val
UKB_0977,0.47,test
UKB_0978,0.4,train
UKB_0979,0.53,val
UKB_0980,0.19,train
UKB_0981,0.99,train
UKB_0982,0.82,test
UKB_0983,0.74,train
UKB_0984,0.47,train
UKB_0985,0.15,test
UKB_0986,0.92,test
UKB_0987,0.34,train
UKB_0988,0.05,val
UKB_0989,0.34,test
UKB_0990,0.79,train
UKB_0991,0.62,train
UKB_0992,0.75,train
UKB_0993,0.79,train
UKB_0994,0.21,train
UKB_0995,0.92,train
UKB_0996,0.44,val
UKB_0997,0.64,train
UKB_0998,0.0,test
UKB_0999,0.99,test
UKB_1000,0.28,train
